"","V1","business_id","type","Day","Hour","Review_Number"
"1","1","7KPBkxAOEtb3QeIL9PEErg","checkin","Fri","0","2"
"2","2","kREVIrSBbtqBhIYkTccQUg","checkin","Mon","13","1"
"3","3","tJRDll5yqpZwehenzE2cSg","checkin","Thu","0","1"
"4","4","nhZ1HGWD8lMErdn3FuWuTQ","checkin","Fri","0","1"
"5","5","8bY6M2yiWOF2ilfmGS34Fw","checkin","Sat","11","1"
"6","6","zNVot5_XHsxwfKdiFjk_aA","checkin","Mon","0","1"
"7","7","BH0K6SxPnY3wTRB7tA27hQ","checkin","Fri","0","1"
"8","8","dPxL6P_Gp74CqSPuL59Srg","checkin","Tue","0","2"
"9","9","aZbbt_RPKV8vUY7GWiEEyw","checkin","Thu","18","1"
"10","10","Fu-egVPTQZ3lNYM0PhpQiQ","checkin","Thu","14","1"
"11","11","HRIUU2Z4EsZBo59P0I2ZYA","checkin","Fri","0","1"
"12","12","Y6L37i6rkqDzMesTN5UI2Q","checkin","Thu","0","1"
"13","13","WllBAxQd6w3EZHYNOKRoMw","checkin","Mon","20","1"
"14","14","GbSKygYKUy13yoZZdVxJuQ","checkin","Thu","12","1"
"15","15","FQM4pVt1jeZcBGLIsXhXNA","checkin","Sat","0","1"
"16","16","0WsCtzG8xazAmFA5HhQE0A","checkin","Sun","0","2"
"17","17","yEWrdUczj1_9KTUJEVfIIg","checkin","Sat","0","1"
"18","18","RGeEUbXNFPqozawExgvy_g","checkin","Sat","14","1"
"19","19","JN6287XepTV2wOiwnq5joA","checkin","Wed","0","1"
"20","20","vl02XdFVoXC-s_Y4WVvL-g","checkin","Mon","12","1"
"21","21","zek4x_a6Io6mU67bc4ahXA","checkin","Fri","0","1"
"22","22","IKCxhUxfDPOQw9GjT3akHA","checkin","Sun","0","2"
"23","23","i4y0CrKYLh_Qiv6JGyABJw","checkin","Sat","0","1"
"24","24","0dcNFXs5yMj1n2RtkgIoHg","checkin","Tue","0","2"
"25","25","bANAMVwSMR-UAA54WdRsIA","checkin","Sat","15","1"
"26","26","4zOyZff4-FemUqRW3GXuCA","checkin","Thu","0","1"
"27","27","RNkVt3T_3DQjXbXTM2DIjg","checkin","Sun","0","1"
"28","28","5A2BcDVbWGM7JEUgSfFleA","checkin","Sat","0","2"
"29","29","vkoakhm0G9kMEhQzjFo86w","checkin","Mon","15","1"
"30","30","KH6AnamatNNCKszLpopjOg","checkin","Thu","0","1"
"31","31","0Fln0xZBGfxvRd66pbZ3ag","checkin","Fri","0","1"
"32","32","j-BlKJySXWsURdYllarjXw","checkin","Wed","13","3"
"33","33","N6VRRM1XZ6c92WBhWWu1XQ","checkin","Sun","0","1"
"34","34","P2zXpZN7UTDDM9_Q7Bs8Jg","checkin","Sun","0","2"
"35","35","gOeU8MmVBzmaOWA191hLpg","checkin","Wed","12","1"
"36","36","IpQG7s5l7ba5NxyzTxn7pg","checkin","Fri","0","3"
"37","37","1-rUjW65plaAjIMVMJjP_Q","checkin","Thu","2","1"
"38","38","sthJQ6XD4iITtivlJ4XtUQ","checkin","Sat","14","1"
"39","39","aXXacUBcCcLPtPSuerqtOg","checkin","Wed","16","1"
"40","40","xkL44jsxVw_N8_6zjTuBNg","checkin","Fri","19","1"
"41","41","ixKdWyaYb44IDJHXXQWCpA","checkin","Sun","14","1"
"42","42","qvLb9YeW4g0naTBgFSjHww","checkin","Mon","0","4"
"43","43","b7giaWVhjIjhlF7S2ezZAw","checkin","Fri","0","1"
"44","44","MSFFEZB0T1RQPJU8CfQjNA","checkin","Fri","0","1"
"45","45","dwtXvp2llq2BYSXQvJpHYw","checkin","Sat","11","2"
"46","46","T_Ggmjt-Wke9Sc9XYRscpQ","checkin","Fri","17","1"
"47","47","I9vXZQEpWvaGV69eVRwT3g","checkin","Sat","0","1"
"48","48","iX2rl6mNNu2TjoRbiX6wSQ","checkin","Sat","0","1"
"49","49","jAYJzBpURZAr_V8a0sWUBg","checkin","Thu","12","1"
"50","50","6iq7LAJRSstbaYcLzQ2EzA","checkin","Fri","0","1"
"51","51","VZxgDbsXnieH-qseiL8wYA","checkin","Thu","10","1"
"52","52","Ohg2XAUIFeilmou8BoMH3A","checkin","Mon","14","1"
"53","53","6RxtO_MxnLwZ7D7iYDE8Jg","checkin","Fri","0","1"
"54","54","SNNrb5T4dn3DMq410HIpxw","checkin","Fri","0","1"
"55","55","gCfRcOwBLJEF1C6ilqhFuA","checkin","Mon","0","1"
"56","56","-UCODDgYpTjlGtz_5AVw_g","checkin","Fri","0","2"
"57","57","rJa7cqN4pakDoZOgHAefZA","checkin","Tue","16","1"
"58","58","tlJzFbabuRBq3soBXv45mw","checkin","Fri","13","1"
"59","59","wsHuESTgmZfmI5YMXAMEhA","checkin","Mon","0","1"
"60","60","D8ktVLRVniwU62NumGREEg","checkin","Fri","1","1"
"61","61","ybjN0J8hmsHKrbYLxRh0jg","checkin","Wed","0","1"
"62","62","7sakqP2av046jujj-ERHhg","checkin","Sat","0","1"
"63","63","4iuFGkrZYnWZgOaxNantdw","checkin","Fri","1","1"
"64","64","ky4AyA_y6gx20tf95mZxSA","checkin","Fri","0","1"
"65","65","G8Js5hyLykjo8xVfIT4P5Q","checkin","Sat","0","1"
"66","66","a0H7W1poihF8S_OQzBs8Fw","checkin","Sat","14","1"
"67","67","_SMl9SHYnAe0oCdaPaRJYA","checkin","Sat","15","1"
"68","68","X-O1MmUgedsxP3JgiuWjUA","checkin","Sat","0","2"
"69","69","wFaLUV7m-74flUfjAOBnLw","checkin","Sun","13","1"
"70","70","qPXcpHW3OqsYCPUI3qZJGw","checkin","Wed","0","1"
"71","71","u19jgslqD_i-y9LBYFoZJg","checkin","Sun","1","1"
"72","72","xX4B41sO7yS_fyzq8zGy1g","checkin","Sat","0","1"
"73","73","6FkCrxJMq5KIgavHRqtlbQ","checkin","Tue","4","1"
"74","74","d24LIT55-aAr7l1X99vpjw","checkin","Fri","1","1"
"75","75","2pmOI_mrn1ZWB88IeiOMkA","checkin","Tue","16","1"
"76","76","KvUuXo2Fpt-rcWR13iLWHg","checkin","Wed","0","1"
"77","77","quYlYKkiZ5qRLdu-_hew7g","checkin","Sun","19","1"
"78","78","goOQKS6lKWT8rmM3SREgjQ","checkin","Sat","0","1"
"79","79","rVkuZEqw9dVQ89Jq1NIgow","checkin","Sun","0","1"
"80","80","05yzn45mHlTCbT25KmFVlQ","checkin","Fri","0","1"
"81","81","8ZL4ed3Y8_F6AgPAYxgi2g","checkin","Fri","18","1"
"82","82","0wLKvB8ui5SZdlj-r8EWtQ","checkin","Fri","15","1"
"83","83","Q-GNBSlu7J5XYo3UAOUGsg","checkin","Sun","13","1"
"84","84","qPAapVZzkR1P2xHmkntQgQ","checkin","Wed","0","1"
"85","85","lF6-H8lCiWA4UzIPXm-sAQ","checkin","Tue","0","1"
"86","86","b2596IQibXyco49ctXEupA","checkin","Fri","0","1"
"87","87","0FL1-ZegpmlG8P9kZEoZjw","checkin","Sun","21","1"
"88","88","1Xi4hGRzhXZleq37hdFLcg","checkin","Sun","14","1"
"89","89","HyZkrj_FGQvV1M27izjtMQ","checkin","Fri","1","1"
"90","90","FpW25osFTrQf2dCIzAPavQ","checkin","Fri","0","2"
"91","91","_5r_Q5aWvw33XDL58u2oSQ","checkin","Fri","0","1"
"92","92","-bRLmHs8R26dj_CaU8F5VA","checkin","Sun","14","1"
"93","93","6gDRAYnqwHDirfA5gF1sYg","checkin","Sat","0","2"
"94","94","Mw49-fHYVzKYYa-eaMo_XA","checkin","Sat","15","2"
"95","95","Vth-yacyyE3HZkbLbdkmzQ","checkin","Sat","10","1"
"96","96","gHX6fK4O7NwP03aH9qT2AQ","checkin","Sat","13","1"
"97","97","fecugmTuE9701GwqLsa9vg","checkin","Fri","23","1"
"98","98","Q5flK4fxR2roE0aCjqF_gw","checkin","Sat","0","2"
"99","99","xRC2O1i4xQMqqrkKSn7uRw","checkin","Fri","0","1"
"100","100","Al-oKob7eDmt-_Te9FHuzw","checkin","Thu","12","1"
"101","101","kvGkveYKwjk-ilqXCl_Log","checkin","Tue","2","1"
"102","102","pSXHnUevkD7ByBVbY2aNvQ","checkin","Wed","15","1"
"103","103","hCxM2MH3cDaqozUDpydXZg","checkin","Fri","0","1"
"104","104","kIi0rz1BbH-wP8o5dz-UEQ","checkin","Thu","0","1"
"105","105","glY_PSkxyM54izTHkd2mtw","checkin","Wed","2","1"
"106","106","jcsZ0uzJINSaTq6oyUU0xQ","checkin","Fri","0","1"
"107","107","3ZQxw4vY0HBuS7KeiWmyew","checkin","Sat","0","1"
"108","108","nW3Y05gCIhYAQFq6FUWihA","checkin","Fri","0","1"
"109","109","aLnnIPzhKT7CBMACh95CQg","checkin","Sun","0","1"
"110","110","XErOb3obTwM_Kby23AIYfg","checkin","Sat","20","1"
"111","111","pU7gMo344wkQphB-uGN4Mw","checkin","Thu","0","1"
"112","112","rhitftTt-4-zoByj1bVYMQ","checkin","Fri","0","2"
"113","113","FZ_edvdCN64D7JVWvm7fmw","checkin","Fri","0","1"
"114","114","bNZkOYnJ5zvx6RdK05oSEw","checkin","Wed","15","1"
"115","115","MdnYGOVa3goIGfKjrOCXqQ","checkin","Sat","0","1"
"116","116","NsF54LE_cc0OhFGPVkwDJw","checkin","Fri","0","2"
"117","117","243PQVgkx8eUzVaKCgC-gw","checkin","Thu","0","1"
"118","118","NvhXnEm3eiuKqlR5yqoMVA","checkin","Mon","12","1"
"119","119","JA6wB1XxLaJpgzoLYLU1_w","checkin","Thu","11","1"
"120","120","t6tGkwfyFKKyvzTHpy_png","checkin","Fri","0","1"
"121","121","_4KbTU8rSnPeoGU8veK0Pg","checkin","Wed","2","1"
"122","122","rv02FZ6aqHBxlGLCvilLyA","checkin","Mon","2","1"
"123","123","BT8bk6rOQ4kj8TD-hfepGQ","checkin","Sun","21","1"
"124","124","ba2xyZXG8hRb3hh7uDZs_g","checkin","Sun","0","1"
"125","125","eTjaYqh8BNiQp9T-ERMm8w","checkin","Sat","0","1"
"126","126","tZOr1d79vMvUV5XQBmcYdw","checkin","Sat","0","1"
"127","127","-49WY_TEa9ZEcRk_GnuLog","checkin","Sat","0","1"
"128","128","5YyLWps6xL372Lj2hRlPQw","checkin","Fri","0","2"
"129","129","b8YgjX2WTSbIBhp0hOP9Wg","checkin","Fri","5","1"
"130","130","1EH3UCsWkTHH4Wlwed72JA","checkin","Mon","15","1"
"131","131","rNahWvWn2ZR7o3gegaf7QA","checkin","Sun","0","1"
"132","132","I83rGp1_nWilP-ct4i8abw","checkin","Mon","0","1"
"133","133","olZxlV0rbBb88EfvJ4rsng","checkin","Sat","18","1"
"134","134","4k2o2LNXm9ibZ1lXCV80Ug","checkin","Sun","0","1"
"135","135","jvtwW6WsuiDzZyB1cl3UGA","checkin","Sat","0","3"
"136","136","BGeJhokuC2wqsSKtFz47uQ","checkin","Fri","21","1"
"137","137","cB04zZj6HyWA7bmhA5Zkcg","checkin","Fri","16","1"
"138","138","VJTz6Vjfw_2loxWwTlpwoA","checkin","Mon","1","1"
"139","139","SGmiifNsTXzvuyWSDRK48A","checkin","Wed","4","1"
"140","140","D2RoOb4UkH2azf8DgvNfUA","checkin","Mon","0","2"
"141","141","_ta7UaBqMTcF25JZy_5YHQ","checkin","Mon","0","2"
"142","142","M4XUx3T5Z05IVfNMPD3ZAg","checkin","Sat","11","1"
"143","143","Zme0-LYf44QEx4KuJXicRQ","checkin","Mon","11","1"
"144","144","6pLZrlG99_Ig8Okbsqo28A","checkin","Mon","0","2"
"145","145","t6ZOV444ggSYL0BaeAbx0Q","checkin","Sat","0","1"
"146","146","Cilu8Dbb-tTHgEBM4-0vZA","checkin","Fri","0","6"
"147","147","pq70VjUdXp5Mbn2SeXcRqw","checkin","Wed","0","1"
"148","148","3XBN60tLWqr7WZuDZsyZkA","checkin","Sat","0","1"
"149","149","UT3JrX3aUaCN1gM9l5Dv-Q","checkin","Fri","0","1"
"150","150","oKLoaYeAjRhuXX73Dzw1TQ","checkin","Tue","2","1"
"151","151","Sl52LcjsXVIFzrmck2N35A","checkin","Fri","4","1"
"152","152","NGSqXijVxL3qvrkye66BzQ","checkin","Fri","0","1"
"153","153","hjcNB15RewDgxoS4EYomLw","checkin","Sat","19","1"
"154","154","vF1w4J1ZFxZTIYGuZLSxFg","checkin","Sat","14","1"
"155","155","MQXFdfDb1UjrZngnjslmhA","checkin","Fri","0","2"
"156","156","wvoX1JCsGcNZZlGzD0EMdQ","checkin","Wed","0","2"
"157","157","wd7p41kzhMARGuEKy4-X3Q","checkin","Thu","12","1"
"158","158","ILaam0ZN5WooAh7-_65XWw","checkin","Sat","14","1"
"159","159","BQeIEeMj5_K5Az1DbSHSsw","checkin","Fri","0","2"
"160","160","piEG7Cmjg3Phvpn6ND5eLw","checkin","Fri","0","1"
"161","161","5MXId9GCUlYgokbvqayzVg","checkin","Sun","3","1"
"162","162","kYTzpbnpVDZVghVqZz7qCA","checkin","Sat","2","1"
"163","163","5hc6I32TTV9O_GodQ9GwIg","checkin","Mon","13","1"
"164","164","dwQEZBFen2GdihLLfWeexA","checkin","Fri","0","2"
"165","165","tDXDlSvKNYG0zeFTQzpR1A","checkin","Wed","18","1"
"166","166","QpRfQtlbwlmqUsq4DKjqqw","checkin","Mon","0","1"
"167","167","zituAcK3wfcMCWVRh0_2xg","checkin","Sat","12","1"
"168","168","wdk3se7e9aI35GTCiVkcyA","checkin","Mon","4","1"
"169","169","ib0cmmBquUJ0xHcsIRQthQ","checkin","Wed","2","1"
"170","170","Q9jOi1245KEyb-vehMUeFA","checkin","Fri","0","2"
"171","171","bm5PjdlaanvkE2kBGfzCHg","checkin","Fri","0","2"
"172","172","3C5cDapsxHKckHn5-cmCzg","checkin","Mon","0","2"
"173","173","MJpn_jUivKSgTtjNon63hA","checkin","Wed","1","1"
"174","174","k1FNfGvknWVC_GzirQThmA","checkin","Fri","0","1"
"175","175","an_XYEydjw2xBDUvFHqqMQ","checkin","Fri","0","2"
"176","176","wSJflDkXz9BPxiqElNe0jw","checkin","Tue","14","1"
"177","177","lxsXOZNKoKPwXgkigdWPng","checkin","Tue","1","2"
"178","178","P_8By1Xl2JxREC9MYxebmQ","checkin","Sun","0","1"
"179","179","Xs_QOxzPZETqZ3MeNStvYA","checkin","Wed","0","1"
"180","180","ApDN_1voOx_edd1u0qpBNA","checkin","Thu","17","1"
"181","181","WdE3GQf5RDnl5Pmji5S5Iw","checkin","Mon","0","1"
"182","182","Xxz0qN2tdBaqMT7WVdg4yQ","checkin","Thu","0","2"
"183","183","87dY8lfLLYv1D55ABhiq3g","checkin","Wed","0","1"
"184","184","3T-gxAOHXLmztoGcBdNTTw","checkin","Wed","15","1"
"185","185","LkTzWJtcLqKwH5Pe4tUQJw","checkin","Mon","1","1"
"186","186","gPkFL9ccZ1d_GnhJY7VDwQ","checkin","Sat","18","1"
"187","187","HhOyjFxAIVugKJOhUK1QxA","checkin","Sat","15","2"
"188","188","DMcLgReB7oz6GHeyIT3tpQ","checkin","Fri","0","1"
"189","189","ben76tu4dxcioescVNY3gg","checkin","Fri","1","1"
"190","190","49DZdMJ0BBR_gPFsoNxTpA","checkin","Mon","13","1"
"191","191","Zdj65-lKI8xn7KgGFY4mPQ","checkin","Sun","15","1"
"192","192","ecl4D6r9IiJ7xJnzWjQN-w","checkin","Sun","21","1"
"193","193","EeM2Zfji_KrjcQorUgG74A","checkin","Mon","0","1"
"194","194","HCMwXgLZ94pKGfNr-Zt57w","checkin","Sat","0","2"
"195","195","NkK79tpKyksJY7HlK6epXw","checkin","Sat","15","1"
"196","196","-6NrhIFET7iWi4d5538fiA","checkin","Sat","0","1"
"197","197","LV5sLcuUh0UNV866FjmDtw","checkin","Sun","12","1"
"198","198","G5hAg5lH4YgNj_oh1Zccmw","checkin","Thu","13","1"
"199","199","GB3L81lYwu-GuyXrbnUpUQ","checkin","Sat","12","1"
"200","200","RHVvnv008Om-LCkIf12vag","checkin","Fri","0","2"
"201","201","xahtvkGLbwU___3GMqmWUw","checkin","Mon","0","1"
"202","202","wvU01dsSRaRYQWcLorgzCw","checkin","Thu","0","1"
"203","203","qchCmKqTY46vKS1Y8zXdQQ","checkin","Sat","14","1"
"204","204","hagp9hXCrEc0Kn8qa3imSg","checkin","Mon","5","1"
"205","205","LgpK_b2psx9OQ45TtnCiLA","checkin","Tue","16","1"
"206","206","iFv9y1UCdu7AvHjSXwWwag","checkin","Sat","14","1"
"207","207","AXhIxVvmXO3ksdIXKx9SZA","checkin","Thu","1","1"
"208","208","FxVZE_tK48By-34URIacLg","checkin","Mon","0","1"
"209","209","M3KDvaPDkbxFBYZs9Ce8nw","checkin","Wed","0","1"
"210","210","zluk4cL7Ch-uRlRply42ZQ","checkin","Fri","0","2"
"211","211","PwP-eu0cEaPioyRxHbd6Qw","checkin","Mon","16","2"
"212","212","wo41OdU_iUwFofsBnVf6uw","checkin","Thu","0","6"
"213","213","dF-_fcrNyk4iZ5Pc1mr-wA","checkin","Tue","0","1"
"214","214","F_ylMGAY1khjuuvMd5pgsQ","checkin","Sat","3","1"
"215","215","EPPB8HmsxG2KzAQSno320Q","checkin","Sat","1","1"
"216","216","O54jXbKjZte4qVYabYjGjg","checkin","Fri","0","1"
"217","217","AFtg0RUKzOhupg75hwpwuQ","checkin","Tue","14","1"
"218","218","-3TbEJnrhu1cZdbbinol4A","checkin","Mon","0","1"
"219","219","1N1pVa5SYqzopS0wvlAavw","checkin","Wed","5","1"
"220","220","XaF8o-CCOV4OazVzOWLQpQ","checkin","Thu","0","1"
"221","221","QGIrK8Svogq7RAz77cz-_Q","checkin","Sat","0","1"
"222","222","TubJO3ctfa8YdVZiV7iDsg","checkin","Sun","0","1"
"223","223","Q6XXHPDzu_QXOuxn1TFFvA","checkin","Wed","0","1"
"224","224","1njD5p7-FvV8uoHzwiVYCA","checkin","Mon","0","3"
"225","225","zJbaIyp7TG8PmTJgkXNqdw","checkin","Thu","1","1"
"226","226","U1vQHdbCA0KmTmSmsRiUDA","checkin","Wed","12","1"
"227","227","O-99K8bPc6JZxpWaTYhmeg","checkin","Sun","0","1"
"228","228","dCOLeh2iEbqYUhMmhSwRTA","checkin","Thu","13","1"
"229","229","n0gAJPW7-H9cS71FC5dSqg","checkin","Tue","0","1"
"230","230","CjT9tk594dmyYJb8hS3P4A","checkin","Sun","0","1"
"231","231","fIMBFVFYfAo2g6022Q7pjQ","checkin","Sun","0","1"
"232","232","USXA_daAmAkcEzHju4Hpqw","checkin","Mon","0","1"
"233","233","2S-NV3clYHDbDEmqT8fuGg","checkin","Sun","0","2"
"234","234","t-EcsRa2ihCBNTD_-wPDaA","checkin","Wed","1","1"
"235","235","On-pcs9mLEUSb0Lx_7eDBw","checkin","Fri","1","1"
"236","236","EXr-oKAbgON2bYNinu6cyQ","checkin","Thu","14","1"
"237","237","UEAJdCKsbL8Z8JCVlVtCTg","checkin","Fri","0","3"
"238","238","k3XDcr3AI9OgWp356TV3_Q","checkin","Fri","0","2"
"239","239","nvJjfEPYFXj8sJZcbt0k-Q","checkin","Tue","0","1"
"240","240","yBufRP1YQp9vXmId_Y2iEQ","checkin","Thu","0","2"
"241","241","FhorgXn87xro7G9m-fXIwA","checkin","Sat","0","4"
"242","242","9HQVSY9-ZnrgTUF72I-4PQ","checkin","Wed","0","1"
"243","243","7loyqhdaiF0VnTsBcTmJQA","checkin","Sat","12","1"
"244","244","alRwzlcGdQOzgNTt9yoLRw","checkin","Fri","15","1"
"245","245","5n5Ieb6nnqkM15OC7frn3w","checkin","Sun","1","1"
"246","246","Q4qAYjB40J882IJ61o70Bw","checkin","Fri","0","3"
"247","247","XfO5MZI2lH1U2HsMnIsYzg","checkin","Sun","0","2"
"248","248","Vq3f04hxNdgdR1yVxogYvw","checkin","Sat","0","1"
"249","249","qymUko2-n9sn4Ziju_b_aw","checkin","Thu","13","1"
"250","250","OhMtEGOGXUqz05avA4b-1Q","checkin","Mon","0","1"
"251","251","DY13-kVCxKbocRc65c6fww","checkin","Thu","2","1"
"252","252","E8Ck06nR4NdThguOCDXpcw","checkin","Thu","14","1"
"253","253","_6eGIZJNgEM-gVVfWcGghg","checkin","Sat","1","1"
"254","254","h8Nu-YUosQRb2KIUoglJcg","checkin","Sat","0","2"
"255","255","7P9AZ2cDzSUiI9NmP6P5sw","checkin","Mon","1","1"
"256","256","k8oQ0aK4n4sNPr3nSoNOvQ","checkin","Sat","15","1"
"257","257","EU_nBm3vw-4YHNe6RWMtxw","checkin","Sun","0","2"
"258","258","gNIPdylEcV54iQJwUYHiPw","checkin","Sun","0","2"
"259","259","qVPlT07EJCA8gSdrCTk40w","checkin","Fri","0","1"
"260","260","md-sekDJzOCOcY6nbkojIA","checkin","Mon","20","1"
"261","261","9IVX-weQV6SriRVuxzkiRw","checkin","Tue","0","1"
"262","262","TxJCpcWVqSluQoNxFO_WQA","checkin","Sat","15","1"
"263","263","G_RHsvUDPpGDt3fKB4V6_g","checkin","Sat","0","1"
"264","264","ofQjrbfKDm1clYI3y8Tx5w","checkin","Sat","12","1"
"265","265","wNlpUnbCwAsMAu9Z1wc2nw","checkin","Fri","0","1"
"266","266","OUtDX1RsaZDdsunjI0rtiw","checkin","Fri","15","1"
"267","267","XO1t620R1W-J27GMcBYBZA","checkin","Fri","10","1"
"268","268","jRNRDitXWnfRaH8JGq8wXQ","checkin","Fri","0","1"
"269","269","z4g0S2U5c4JPgWhu1TWYzg","checkin","Sat","0","2"
"270","270","bgTIbJUOQQUU2UQcOYXfrg","checkin","Tue","1","1"
"271","271","UeyHx5LMFjjI4d-NTYkX9Q","checkin","Sat","15","2"
"272","272","i6CxDaUKAj-HKWijwY9yGg","checkin","Sat","0","1"
"273","273","IqXDpeNbePsW1jR7SSO57w","checkin","Sun","0","1"
"274","274","bqy16ebrqbRMW0BTOnUEnA","checkin","Thu","2","1"
"275","275","_6WB-PZ9NuAfuf3BkbwIXQ","checkin","Fri","14","1"
"276","276","SBT95W5pGGpTKbkSSXKdSw","checkin","Sat","13","1"
"277","277","dn9-HvpRJdeTGLECCFOPhw","checkin","Mon","14","1"
"278","278","Zn3GV2xa9a-8bHjUM-2sow","checkin","Thu","0","1"
"279","279","XxSF2DtVEonATGN1MF1Y5g","checkin","Sat","0","2"
"280","280","CKJZuYfYBG9SdqEJf2CsRA","checkin","Sat","0","1"
"281","281","OKi5OgCBoYTQesO82bbnOw","checkin","Sat","17","1"
"282","282","yrkRD0JIdPdHhJpdl7HKMw","checkin","Thu","12","1"
"283","283","mB3AyZoix0JiSrw96ATncg","checkin","Sat","0","1"
"284","284","Tyjw3urqkEKGXOUMh_tHJA","checkin","Wed","15","1"
"285","285","xVo5cxMo1V_Nzk7TsvEdtg","checkin","Sun","0","3"
"286","286","zkAKq_C3KTbsbkOVOmoV7A","checkin","Mon","14","1"
"287","287","W1RJtnvj53_-cDzNHRGqdQ","checkin","Mon","0","1"
"288","288","qPIgJDUf6Zh3cocMnU_9Aw","checkin","Sun","0","1"
"289","289","Ej7hnaDQ_ogZ-cjspRBowg","checkin","Fri","0","1"
"290","290","I_AS_GxdcFZEa09QLJGzeg","checkin","Sun","16","1"
"291","291","pWMX6CU3G7hR7FvUQIVR4A","checkin","Sat","0","1"
"292","292","RUyvZomtYaAU4Ryrp1-lJg","checkin","Thu","1","1"
"293","293","I81hDYqQjMaaE3p6KyRMJA","checkin","Fri","0","3"
"294","294","lia867Aug7wdfpo5t86W3Q","checkin","Fri","0","1"
"295","295","85C2ZqiCc1_qeq2vTj_Saw","checkin","Sat","0","1"
"296","296","kvM34AeKBJoQn3FJfGXWhw","checkin","Fri","16","1"
"297","297","Csx-SPPQgj_Hi3Dmp8xtpA","checkin","Fri","0","5"
"298","298","aDDuEEIUTpKYLCfHJ5Jc3g","checkin","Fri","21","1"
"299","299","yFdYAhGIGzQtp-CRKiR9aQ","checkin","Fri","0","1"
"300","300","BDf-jwJyF8EloqDdWHucGA","checkin","Mon","17","1"
"301","301","hG3GWY1xbpbpOBEqCjwMOA","checkin","Thu","14","1"
"302","302","J6sLDg0ZdWch_1S8hyEbgg","checkin","Sat","0","2"
"303","303","8C65DwwnazwYB2z9naHyaw","checkin","Fri","0","1"
"304","304","CpF9kzWFxz5d58LE0eOWFQ","checkin","Sun","0","1"
"305","305","3F-BtIdPIWueHXF1BCicIg","checkin","Wed","9","1"
"306","306","4X0qdoMdO-TDIrSs9l9j8g","checkin","Wed","0","1"
"307","307","dulCgF-l5K5Wo7WpWhwCdg","checkin","Sat","0","2"
"308","308","VusXlmo0Gs1YO5ZDcwhrWA","checkin","Mon","18","1"
"309","309","a7SpbaxCFQYjssrvQcZL2Q","checkin","Wed","22","1"
"310","310","13vAtFOacmJ5HskeXuZiew","checkin","Tue","12","1"
"311","311","ILKm97AY-4Q7iOsWQHqTyQ","checkin","Fri","12","2"
"312","312","9fH0ow907crGLmPnHFeI0A","checkin","Sat","0","1"
"313","313","dsq1nprmAXzwaOAFVfBE-w","checkin","Fri","0","2"
"314","314","WhE9x893xLpGE4uwqxWRPw","checkin","Thu","14","1"
"315","315","vHIkvYCGTM0huVwE6PZIHg","checkin","Thu","12","1"
"316","316","XORQR4F7m6tcVXI6OMEu8w","checkin","Sat","5","1"
"317","317","NFTOaufaF6oHsshUROAp8g","checkin","Fri","0","1"
"318","318","3H8pGiD0MMJaKBjBiXpTMQ","checkin","Fri","0","1"
"319","319","ZYP1NFWMVseKGeWk_fzYJg","checkin","Sat","14","1"
"320","320","6Ymy2bi7hlFNb3arHSwffw","checkin","Fri","0","1"
"321","321","dRL-8q_rweIVRA2lZV68rQ","checkin","Tue","1","1"
"322","322","r3z5wK6zBSWzLgPRTmo6vQ","checkin","Mon","1","1"
"323","323","aU69uowx3SDqUVbl2YhbUA","checkin","Fri","0","1"
"324","324","ULp2Zg19WPCOZK3JBwLC9Q","checkin","Mon","11","3"
"325","325","cfMqHwJc4qgdIL6oew9EJQ","checkin","Sat","0","1"
"326","326","5PPUGg4qj3tGBWKA5-Z7bA","checkin","Sun","0","1"
"327","327","RlgWYfIPUvafq8eoWoIVKw","checkin","Sat","13","1"
"328","328","EWzKzfHTSmS9wB9BCTSowQ","checkin","Sun","0","1"
"329","329","mJZ3Qf6p7ugi108kFuL5vQ","checkin","Sat","17","1"
"330","330","xHfBxEQTSU43srGd4Wuo8w","checkin","Fri","0","1"
"331","331","b6maj_RSR-UKipl7QFXypA","checkin","Fri","0","1"
"332","332","rgQHBUjpq-1q5zKrMjzwgw","checkin","Sat","0","1"
"333","333","2mEBIa3NSKyS6UIfxpKR9g","checkin","Mon","0","1"
"334","334","fcyk-PZKRqo4EUJ0vH1aNg","checkin","Tue","0","1"
"335","335","86FrxF9dbyBrSaY1g3dEnA","checkin","Thu","12","1"
"336","336","Jm8tQco3yT1gOY0__5uuUA","checkin","Wed","6","1"
"337","337","HC7XYU669ZXbE1cChU5U0Q","checkin","Fri","0","1"
"338","338","Jm3ZY_kZjGe49IM1u_Wg8Q","checkin","Fri","0","1"
"339","339","I5JaL69RwNoUf5k-R0T64A","checkin","Tue","13","2"
"340","340","0tczuF_oW4zLf3D3aSeMRw","checkin","Thu","0","1"
"341","341","JHbVBjo9HYI2kzWJzQ9gaA","checkin","Sun","1","1"
"342","342","GggGQnlBeqoGyBvvjTC0vg","checkin","Mon","0","1"
"343","343","k8_DBnGmh_iyUeHxVIKc-A","checkin","Tue","21","1"
"344","344","nCHs1mANWBdFIAYBKdUy4Q","checkin","Fri","0","2"
"345","345","vF58mwG-9Bx67S6hxKZ68A","checkin","Fri","0","1"
"346","346","xiNVGasswdb6huyky-29tA","checkin","Fri","0","1"
"347","347","qvxb2oIzCyHG9BLF2TumAw","checkin","Fri","0","1"
"348","348","sn0HeaQ4lBZcDfeipl7vLg","checkin","Sat","1","1"
"349","349","roK6f1bMuKG3XC-r01Oo5w","checkin","Thu","0","1"
"350","350","heQ_G_2thAHwPiu9c5toiw","checkin","Sat","16","1"
"351","351","WP02YOmOLNAyb54Qt2zARQ","checkin","Fri","0","1"
"352","352","w4MypAX8UIaJq-mhCZBq2A","checkin","Sat","0","1"
"353","353","0Iv54qQpgPf5_nLph-Uncg","checkin","Sun","0","1"
"354","354","RCsid-VHYQI4UHWEII7s4Q","checkin","Mon","0","1"
"355","355","uja2BH8Z8wOCJnqwmlv_kg","checkin","Thu","0","1"
"356","356","mREzfLLAEH_kw-H6dxa10A","checkin","Fri","19","1"
"357","357","ewwezUTag5_7j9FlweabhA","checkin","Sat","13","1"
"358","358","nj9vV6tcMwoOBfIzSy9L9A","checkin","Wed","0","1"
"359","359","yi3mwssHrfoZctNd7fMz_A","checkin","Wed","16","1"
"360","360","kboIfA7pccxcow3ONInTQQ","checkin","Sat","13","2"
"361","361","gE80aKaybUL4SZZE4CtORA","checkin","Wed","0","1"
"362","362","HhPfXUNbKH-TevjTx6xJFQ","checkin","Tue","0","1"
"363","363","vsTxxAAyyuoDlUPgHXJnIw","checkin","Wed","20","1"
"364","364","J5w3-DUNIYnYB4P8lQGMAw","checkin","Mon","10","1"
"365","365","FatNe8hbbNgLefq3NYRz3g","checkin","Sat","0","1"
"366","366","0dFOy1BeJWuYTyIsi-gAqw","checkin","Sun","2","1"
"367","367","gQM87eGIr6kQXilSIDEZxA","checkin","Mon","0","1"
"368","368","NxtPkwb9QVXlcggnEqtWNw","checkin","Mon","16","1"
"369","369","b8RNi97OHq5-qn2azbNK-A","checkin","Sat","1","1"
"370","370","rwX4m8MkXbdcVFprNjX7jA","checkin","Wed","0","1"
"371","371","K6r4bLTHkyMGlqv7nX9nIg","checkin","Mon","0","1"
"372","372","SkTJ6ICgQIMWN_MolkYRlA","checkin","Fri","16","1"
"373","373","FelIkH-Gw8OGXxNDqtibaw","checkin","Sun","0","2"
"374","374","m3nYt4TDz4ce3ZPQOgBBzQ","checkin","Wed","18","1"
"375","375","uv2yDGrKCp-SS6JExdRAoA","checkin","Sun","0","1"
"376","376","9SjuDvQp-qZIJbCynrPuLQ","checkin","Thu","18","1"
"377","377","XOeeqqnl3vSpeC4YSke53Q","checkin","Sat","23","1"
"378","378","BkbElMznjFwXv_ivFy5vFQ","checkin","Mon","0","1"
"379","379","FJlLzBAQ2W2sSMqbKXwVcA","checkin","Wed","2","1"
"380","380","uke_IRNei9JKvMheuEUnpg","checkin","Mon","9","1"
"381","381","4uypXgVIYTTkd6A7gF6hBg","checkin","Wed","10","1"
"382","382","1RzN78VILI5A0iSd4Cj2JQ","checkin","Thu","0","1"
"383","383","SvCJxFMT8bxl6VVmCZwKAg","checkin","Sat","16","1"
"384","384","_Es5Z3E_ZWHIMhOniqMI1g","checkin","Sun","1","1"
"385","385","jLm8GfRFDJhBKwLlnaUvSw","checkin","Sat","0","1"
"386","386","u_1EIg-c3d8XYfrmcdHX3w","checkin","Fri","0","4"
"387","387","XbQWbSSNl6Zmb1FjyJCSpg","checkin","Sat","14","1"
"388","388","ASlU_etu-cqpPj2NaK65Eg","checkin","Fri","0","1"
"389","389","a5HUZPAn8J_cCyi_qQ29vg","checkin","Thu","1","1"
"390","390","Zcz-ilAvtiZ36goz5Sa_Ow","checkin","Mon","0","1"
"391","391","SC63CvOEuR-WAGZEmgnEBA","checkin","Tue","4","1"
"392","392","yfqcuTARKwO0Wx3VuMWrWQ","checkin","Sat","0","4"
"393","393","FR2hqDQMmky75sl-g2sPKQ","checkin","Sat","15","1"
"394","394","3a9VwysYDeUBBAS7xiJOJw","checkin","Fri","0","1"
"395","395","bIA8SE0KHRjzh5WmN8iEkg","checkin","Fri","0","7"
"396","396","TosOAucs2jRyG21zPSUT8Q","checkin","Tue","13","2"
"397","397","A9JoDDO_h8NGgCllHzpJyw","checkin","Mon","0","1"
"398","398","CoMrddDXEAL0gyO7dldgRg","checkin","Wed","0","1"
"399","399","5hqGQR3YJni73ky8vMXG5w","checkin","Sat","0","2"
"400","400","_C8smibNiPQn6Wllsjg8xw","checkin","Fri","0","1"
"401","401","8U6EmwNaeTnhKbhBgIZPGQ","checkin","Sun","0","1"
"402","402","KsYAGLP4yC7FbfixaeCHsA","checkin","Fri","0","4"
"403","403","bo3z3-WUNblcRKRrWqeTAg","checkin","Fri","0","5"
"404","404","72R6zu7hH6R-nfjvBkMUHQ","checkin","Mon","1","1"
"405","405","6U3vkx7FxcpV6a-cgLbJoQ","checkin","Sat","17","1"
"406","406","Db9eRcJWPMK0C3kX2Z83jg","checkin","Thu","15","1"
"407","407","XZVibkEH9kD6dBLC48azKQ","checkin","Fri","0","1"
"408","408","ZENjhfhHeSWJjZ7UXgUZPQ","checkin","Mon","1","3"
"409","409","R-fKjXfwblEKs4G--s0-Zg","checkin","Mon","0","2"
"410","410","Yj4Lut4-6P3h5Wh7PHqP7g","checkin","Mon","0","2"
"411","411","ITOlsgK1j9KVD9ETTgIpvA","checkin","Fri","3","1"
"412","412","JhxI7oS_jsFnq34dDubugQ","checkin","Sat","0","1"
"413","413","IDqaMeMYzEyBumvJMMpjYQ","checkin","Fri","0","1"
"414","414","0dcYp72pkePaWMA0vbytZA","checkin","Fri","0","2"
"415","415","XpLIq4_vjxuxMQYQqSGWbQ","checkin","Fri","0","5"
"416","416","I5YF1kl3LCVM6nDeP8rUzQ","checkin","Mon","0","2"
"417","417","PtqKpZWuvG7mF4hWx-95ug","checkin","Mon","0","1"
"418","418","K-tl3k56Px2G6KRsKNyUUA","checkin","Wed","15","1"
"419","419","-Yz15Wxp9bO21hifJaamsA","checkin","Sun","18","1"
"420","420","Zio3nvciGuJi-TxgBl7-vA","checkin","Fri","0","4"
"421","421","0htnLESRXrQ_HOJXTLHNfw","checkin","Fri","0","1"
"422","422","GYMP2opfj0-dAf_3rWZEjA","checkin","Sat","10","1"
"423","423","5yKRDXohGvWdF9ccKqZgqg","checkin","Mon","0","1"
"424","424","hpyuRgLiU2PemBqP7Vyshw","checkin","Thu","9","1"
"425","425","fg2nRepS0cS3xNfWYG7stA","checkin","Fri","20","1"
"426","426","MzEzQLdcHcASsYVZ57UY8A","checkin","Sun","0","1"
"427","427","BV_ywDG0HJYWyFFXG8ssvQ","checkin","Fri","12","1"
"428","428","VQGetWNN1f0dMWQ6ehDAVg","checkin","Fri","0","2"
"429","429","PlEgqANiEcpz_ZjhG4lx5A","checkin","Mon","15","1"
"430","430","ugPCIr4fZXtuHbC6xNctaA","checkin","Fri","11","1"
"431","431","l-Bmp9aU16eujG72-uGvNA","checkin","Fri","10","1"
"432","432","MQT5su7035AUTAltUfw5ug","checkin","Fri","0","3"
"433","433","3OCgpAos1gmS4rbWTIjmsQ","checkin","Fri","0","6"
"434","434","WEs9MN1M6tixwEz844jCUw","checkin","Thu","0","1"
"435","435","YFO5rDWDZ7Ngk_DEobjpLw","checkin","Sat","9","1"
"436","436","46DJ0U2WNhoEUA81_N0zZA","checkin","Thu","0","1"
"437","437","ebgu1HjoE5S45U7oKyq4sw","checkin","Fri","0","3"
"438","438","nZ4uuPHq0QLM5DwI52aO3Q","checkin","Mon","1","1"
"439","439","aL8D2ko6lQ3oGGFeCqSPOw","checkin","Wed","3","1"
"440","440","JJe0yIYC_M3la1Qbm9i3UQ","checkin","Fri","0","4"
"441","441","jeJmgdVaUINhS48CrbpR2w","checkin","Tue","2","1"
"442","442","GACpVvSvnL56jkPL_j9tTw","checkin","Fri","12","1"
"443","443","wnxQQna9M7Vu2RB4t_F5pg","checkin","Wed","1","1"
"444","444","AGrtNqgCTsAtQOwDBG_9EQ","checkin","Sat","15","1"
"445","445","MK8hA4-rSqfDWAxY-xEI3Q","checkin","Wed","1","1"
"446","446","OhJHQhBB1V09mkI-r4o5MA","checkin","Thu","7","1"
"447","447","KS1WE7wFQRaq3HncVjN8Vg","checkin","Fri","1","1"
"448","448","sR2Rdiv4IenRNQl54f80Ew","checkin","Thu","13","1"
"449","449","3F72sDvDY7G_7TsZzR0APQ","checkin","Thu","16","1"
"450","450","7PjQd4Bw0vsmtktm2YRuXA","checkin","Fri","0","18"
"451","451","j4170xdQJTwSvXFpsQzWtg","checkin","Sat","0","2"
"452","452","KAvJUm01M0yDiwPG31HcaQ","checkin","Mon","16","2"
"453","453","M-ALY7pit2w_TecfN0vCAg","checkin","Fri","10","1"
"454","454","DuMWyxL4DMcy5A8MXD_67w","checkin","Fri","0","9"
"455","455","myorOrDcPgwYwNXcFs0qBQ","checkin","Wed","0","1"
"456","456","dQwjYLmQXb06CpMPIpm5-g","checkin","Fri","0","3"
"457","457","yYevbUExZeBrMhkNJmeUyQ","checkin","Sun","16","1"
"458","458","nv1XdkWviHXO7N6mK8O1yg","checkin","Fri","0","6"
"459","459","p-rJOC4UeC75V71e8mYeww","checkin","Thu","0","1"
"460","460","yh0mvFCjZuMKy562h2_d_A","checkin","Fri","0","9"
"461","461","1JEmBa6NYiJAOkRcHviEmw","checkin","Wed","0","1"
"462","462","KbuYd93hqhiDH72jRqymqg","checkin","Sun","17","1"
"463","463","cIoB6iinl48KDGCVwtCHoA","checkin","Thu","0","1"
"464","464","yZARNBEe1gTEV8UJuwIR2Q","checkin","Wed","1","1"
"465","465","BhSBdVYkrRwijEWqI9yFXQ","checkin","Sun","0","1"
"466","466","KRSDpiJ-OC3Qa8Tnq5CvuA","checkin","Thu","3","1"
"467","467","MHGfZ_TjkwNXywczQI79yQ","checkin","Sat","0","1"
"468","468","oad18hHNEEr-T1FoeFtzNw","checkin","Wed","0","1"
"469","469","JbD1jy_Jxpy5W9Gq0L8U1Q","checkin","Tue","5","1"
"470","470","VVjevjhveDcoRW-O1uT3Vw","checkin","Sun","1","1"
"471","471","63lBTe-rgqR_LcAOh_xuPQ","checkin","Fri","0","1"
"472","472","2TVZb3GdY6XvX88jbOofIg","checkin","Thu","0","1"
"473","473","fihcqcjpMWTSGiR_dWLOcw","checkin","Fri","0","2"
"474","474","51w8nETUAMrTNQtuH9dZYw","checkin","Fri","10","1"
"475","475","soyZ8bv2ZsSpsBv4PGMrTA","checkin","Sun","0","3"
"476","476","XrjuO3Pr6Kw8YjDQzXMv4w","checkin","Wed","13","1"
"477","477","wUEiAyQO1ezcE_SXlStGiw","checkin","Fri","0","14"
"478","478","ahlYnXn0Ai6CfvU8xOiIJQ","checkin","Sun","1","1"
"479","479","cfsXuDfeSX24tInGNEoc2A","checkin","Sat","0","1"
"480","480","zaR3-yDJrKibg4XzQrUv_A","checkin","Sat","13","1"
"481","481","Crq6YLYcGGxS9aP4-iVyGA","checkin","Fri","0","5"
"482","482","hOHHa9A2a2v_kxj1iGJO9w","checkin","Fri","0","1"
"483","483","ZPAkg2phFo_p3U-QjvHVPw","checkin","Fri","0","3"
"484","484","J2T_kHY2Ioe1SdFgtZl4bA","checkin","Fri","0","2"
"485","485","_QL-D_zQ-RSdlsMZF3TLyg","checkin","Fri","0","5"
"486","486","0s03ippU5tXAxVV9ImjQvw","checkin","Sat","16","1"
"487","487","hbGC8KnYyefUgTlq0dAi4Q","checkin","Sun","0","1"
"488","488","iM1nRpnvheksjLSdUvrlmA","checkin","Tue","17","1"
"489","489","bPSCoxuJNflgrQVCNpa4YA","checkin","Mon","15","1"
"490","490","GREUapStr7mD3L528tefVQ","checkin","Thu","11","2"
"491","491","bgNmUYcraelf27TviWEMGA","checkin","Thu","1","1"
"492","492","GCr0eTVnVzFE72c-VJezoQ","checkin","Fri","0","7"
"493","493","aNap_CwN6y3PzI6euDbL5Q","checkin","Mon","5","1"
"494","494","hSU3MbB9Yu8MlybxfmABeg","checkin","Fri","0","4"
"495","495","nIJr76IGIGS3nkmieY3Vow","checkin","Fri","0","6"
"496","496","iTI-k3c6361-Y6drdSQ3uQ","checkin","Fri","0","5"
"497","497","oSS4sjOEjsubAKdTuAErfw","checkin","Fri","0","1"
"498","498","hdoXVYBWR2fOlPLufu_b9w","checkin","Fri","1","1"
"499","499","ssyjN-SqT2O8jlC8IvrH-w","checkin","Mon","0","1"
"500","500","Ao0mloVclgL3Tzqo8g4AzQ","checkin","Fri","0","2"
"501","501","096qNc7waeRlReivCm2lXw","checkin","Wed","0","1"
"502","502","9_0FtoabuC42T7AWDk5_sA","checkin","Fri","0","2"
"503","503","iVEk9a746zY2DR5JrpzgPg","checkin","Mon","0","1"
"504","504","2tMuTCM-UxbCjyxTLIzAzw","checkin","Wed","14","1"
"505","505","fFEFB45_CsR4cw9DI1yW8Q","checkin","Tue","1","1"
"506","506","qbT8zCAZDhYbUbGmrqIPDA","checkin","Thu","0","1"
"507","507","jnPCBM39mGZ1eINC1t971A","checkin","Sun","3","1"
"508","508","1u0m5sQlAeDSKXvzuQVcNg","checkin","Wed","1","1"
"509","509","cPevf2fXdvrTz7-QSVXdaQ","checkin","Fri","0","1"
"510","510","VV4NAmS0KJ8A8xOcQnKB6A","checkin","Sun","0","1"
"511","511","bJxRnRioS7D43TRxDgCMRw","checkin","Sat","12","1"
"512","512","49ka-LYrj6AnxnNwz6tvHg","checkin","Sat","15","1"
"513","513","sARejHFyWLA93RgGwkhy5g","checkin","Tue","0","1"
"514","514","eelOSIHQRR50NgHpCFDvOw","checkin","Thu","0","1"
"515","515","fS1QBwuCUXVQ_K7LNnYvBg","checkin","Sat","0","2"
"516","516","_iqTOtLSEKgjgr_OtRjznQ","checkin","Sat","17","1"
"517","517","4IdcT63iE5fNrVzayZtKEw","checkin","Fri","0","1"
"518","518","Md6NWl54ny8hA-NVaYZuew","checkin","Fri","0","2"
"519","519","AsktFvI950JNROlcDtcMJQ","checkin","Mon","0","1"
"520","520","pEMoLmRkS2dyIm_KpIr4hg","checkin","Fri","17","1"
"521","521","OUX2fHogOBZs1-xkgXreEQ","checkin","Sat","0","1"
"522","522","ouIDi5rmnCuw97vJAFg4tA","checkin","Mon","2","1"
"523","523","qGJZ1C3rUjqZ6LAtNMjQtw","checkin","Fri","0","7"
"524","524","OwXMxqxIy4YoprAjnoUoiA","checkin","Thu","0","1"
"525","525","tnvy8Xt_pRGIpWzcOJf9-g","checkin","Fri","0","2"
"526","526","VdvEnuQt90XYfy_1khVZAw","checkin","Thu","8","1"
"527","527","hcrjdLHf8UlR-D1-rTEkfw","checkin","Sat","0","1"
"528","528","CDqPVVvQtVncNQGydnZy7A","checkin","Fri","0","17"
"529","529","Xcgtw8YvHof1bN3v8Y3rMw","checkin","Sat","19","1"
"530","530","CxV9DJCxc04_xkDRSrfgFA","checkin","Sun","0","1"
"531","531","yr0Z199gBIv4xgsDElxg6A","checkin","Fri","0","1"
"532","532","E9kXJpQfbt0yN59zoIlz7A","checkin","Sat","13","1"
"533","533","G-Hx1iJXOtoFWVAG3nlScA","checkin","Thu","0","2"
"534","534","n8VWmSVq9-oaDSUOIaxSfQ","checkin","Thu","0","1"
"535","535","7RrV91tE1lIbbbFRRQOl3A","checkin","Wed","1","1"
"536","536","BLfCMa2yWNo70D3wwAxwow","checkin","Fri","0","2"
"537","537","ib8kSuDsmqLpbXuIs4KfKw","checkin","Mon","0","1"
"538","538","i3V1CrnxWMOpv9IFfTUL1g","checkin","Mon","17","1"
"539","539","x8vFYI2chMt1qNVjBe4Ibg","checkin","Sun","0","1"
"540","540","uRbrfI6DW0hn3Vj0tyjycA","checkin","Tue","0","1"
"541","541","K_xtAppJIWWeO8pNzK22lA","checkin","Tue","16","1"
"542","542","pdppPd5u60ql5_7cxiKrPQ","checkin","Wed","15","1"
"543","543","XDeAQ9ayhiWx0lBM3iVUqw","checkin","Sat","1","1"
"544","544","6Hk_TsxZQ5DCF5SYQMYffA","checkin","Sun","1","1"
"545","545","mBFNXtibtGG__MmrH5kl7g","checkin","Tue","18","1"
"546","546","x3nZVmEyXIYu3z5_dfbvTQ","checkin","Tue","2","1"
"547","547","jXo3-D3fCzaQzLE0NRZlZw","checkin","Sat","0","1"
"548","548","z9U13K-AmIpNw315G4KyZg","checkin","Fri","14","2"
"549","549","XumixtWeslaGFPOyfA65Rg","checkin","Tue","18","2"
"550","550","Zq6KR-zte-7yTGHmHZIyJQ","checkin","Fri","0","1"
"551","551","q1DPrSrM1cbdTnUONdkwpw","checkin","Sun","13","1"
"552","552","DYuZK3lZMZgfGFiI8LEGtw","checkin","Thu","17","1"
"553","553","DSlSSiVcLPz31qZemVEd-A","checkin","Fri","0","1"
"554","554","w1Dt_Dsbm40IgdVERLv5sQ","checkin","Sat","0","2"
"555","555","TPJO55zWyo2CeeXQvOre8A","checkin","Sat","2","1"
"556","556","bx3JxOE_pfO2cWr3MkBIng","checkin","Wed","12","1"
"557","557","jhazCCMoDaLn-RqvvtKXbQ","checkin","Sat","0","4"
"558","558","Tm2dKN_-DCdZfF2xMWrX7w","checkin","Fri","0","9"
"559","559","YtmTXI4mH3Nj4Cal0uAl4Q","checkin","Mon","0","2"
"560","560","USRXU4ASBAFSKhlk-KVrCw","checkin","Fri","0","2"
"561","561","wSFFityW7V-UCbTjtiRfDA","checkin","Mon","12","1"
"562","562","pVrTttubgnKaNE1e1IuU3g","checkin","Mon","0","2"
"563","563","wwH2f3J8mpjXNqobMEQiuA","checkin","Tue","15","1"
"564","564","vDPRMZPe6lfy0MAcycvQUw","checkin","Sun","8","1"
"565","565","9p-oDNOVSG38rRN-15MviQ","checkin","Fri","0","3"
"566","566","C7VCIXi-Yv7MGPi_OoR71Q","checkin","Mon","0","1"
"567","567","X55evLxSgBYHHohfPyPjVg","checkin","Tue","10","1"
"568","568","piAwS57nctkTkFPEwboySQ","checkin","Sun","5","1"
"569","569","wKHQ3YLPOhBQNeKZhM9TgQ","checkin","Mon","0","1"
"570","570","POS4KUKWZORXKWLTGk3ZPw","checkin","Wed","4","1"
"571","571","1_RFXirGE6zxvSHChiiZrA","checkin","Sat","0","1"
"572","572","9cyYy7cbboWsth_4yd7XDw","checkin","Thu","0","1"
"573","573","j077YJ_ISiawonSdmhNVmg","checkin","Sun","0","1"
"574","574","_U7btRgwidF6mYsexgVClQ","checkin","Fri","0","5"
"575","575","NWG_ZlBCGlmHEm_NA4pvWg","checkin","Sat","21","2"
"576","576","CR7cXcThsy0wNi-neUCjVg","checkin","Thu","9","1"
"577","577","iljKf976tT1azsWNw2VN9A","checkin","Fri","0","1"
"578","578","hrvjRWqHOkPa9jBPpX1B8A","checkin","Fri","0","6"
"579","579","RcKf9YwEcCdHJfo1uRHjyQ","checkin","Mon","2","1"
"580","580","fNV-Fd_bNmny8RrHCRWKMQ","checkin","Tue","0","1"
"581","581","p8p6xfFWbxN070r5qt32Rw","checkin","Tue","3","1"
"582","582","k1VQF6auj3RQT-QjMWtrEw","checkin","Tue","2","1"
"583","583","f_vZiW020vjgySYwUUjZ7A","checkin","Mon","13","1"
"584","584","1veVZUawy7IhIc5oDpRRQA","checkin","Mon","1","1"
"585","585","5b4lGjNdm44rp9hTLh0H2A","checkin","Mon","13","1"
"586","586","CZ1NjI_Kyg_V3ol3se2fQg","checkin","Fri","9","1"
"587","587","zH3HFpkJZ9EmWMRhw1oypA","checkin","Tue","9","1"
"588","588","rkf1-L_YdylYyN618hP2HQ","checkin","Tue","14","1"
"589","589","CiGefVc9Uc-4H_aNgOMWhQ","checkin","Tue","15","1"
"590","590","gtSW-xt-csn6XFMC-Dwoqw","checkin","Sat","5","1"
"591","591","IPkCm4fkX6ok1ugPQ0ZxDw","checkin","Sat","0","2"
"592","592","rxaxR6lJTYKabKCEN_oa9g","checkin","Wed","12","1"
"593","593","tWtuHpIFtQHMQq8q8DG3dA","checkin","Fri","1","1"
"594","594","ja7zjowr6ymsVglQXZZ6BA","checkin","Fri","0","1"
"595","595","lD0HkiG3JEnZRDpTlh-daA","checkin","Wed","1","1"
"596","596","KS0Uon59PBcVJgzfsYRPdg","checkin","Fri","0","14"
"597","597","N_CGw_T4nnFBs6jI6beDbA","checkin","Sat","1","2"
"598","598","QJD5aPFMlCCblOzVZcY-PA","checkin","Tue","0","1"
"599","599","BXz2w3mlus0xqO_4nfA9lA","checkin","Tue","0","1"
"600","600","MjLRxNBuFR9DvA2XzQAXIA","checkin","Fri","11","1"
